id,url,label,title,created_time,last_activity_date
55434004,https://stackoverflow.com/questions/55434004/create-a-custom-federated-data-set-in-tensorflow-federated,"['python-3.x', 'tensorflow', 'tensorflow-federated']",Create a custom federated data set in TensorFlow Federated,2019-03-31 01:33:26,2020-08-09 00:37:32
58965488,https://stackoverflow.com/questions/58965488/how-to-create-federated-dataset-from-a-csv-file,"['tensorflow', 'tensorflow-federated', 'federated-learning']",How to create federated dataset from a CSV file?,2019-11-21 08:33:09,2022-06-16 03:05:46
63043501,https://stackoverflow.com/questions/63043501/what-exactly-happens-when-we-call-iterativeprocess-next-on-federated-training-da,['tensorflow-federated'],What exactly happens when we call IterativeProcess.next on federated training data?,2020-07-23 05:30:49,2020-07-24 12:25:48
59835749,https://stackoverflow.com/questions/59835749/implement-data-generator-in-federated-training,"['tensorflow', 'keras', 'tensorflow-federated', 'federated-learning']",Implement data generator in federated training,2020-01-21 15:04:28,2020-11-28 18:57:46
62323656,https://stackoverflow.com/questions/62323656/tff-federated-learning-evaluation-approach,"['machine-learning', 'tensorflow-federated']","TFF Federated Learning, Evaluation Approach",2020-06-11 19:46:14,2020-06-13 02:27:36
62993389,https://stackoverflow.com/questions/62993389/change-of-the-dataset-type-in-the-execution-stack,"['python', 'tensorflow', 'tensorflow-federated']",Change of the dataset type in the execution stack,2020-07-20 18:26:46,2020-07-23 11:51:13
63229611,https://stackoverflow.com/questions/63229611/learning-rate-setting-when-calling-the-function-tff-learning-build-federated-ave,['tensorflow-federated'],Learning rate setting when calling the function tff.learning.build_federated_averaging_process,2020-08-03 20:39:40,2020-08-04 16:35:54
64970504,https://stackoverflow.com/questions/64970504/tensorflow-federated-how-to-tune-non-iidness-in-federated-dataset,"['python', 'tensorflow', 'tensorflow2.0', 'tensorflow-federated']",TensorFlow Federated: How to tune non-IIDness in federated dataset?,2020-11-23 22:36:43,2020-11-25 08:46:22
68412517,https://stackoverflow.com/questions/68412517/build-custom-federated-averaging-process-with-valueerror-layer-sequential-expec,"['python', 'tensorflow', 'tensorflow-federated']","Build Custom Federated averaging process with ValueError: Layer sequential expects 1 inputs, but it received 3 input tensors",2021-07-17 00:39:46,2021-07-19 00:51:55
57323598,https://stackoverflow.com/questions/57323598/is-tensorflow-federated-learning-only-for-simulating-federated-learning-on-one-m,"['tensorflow', 'tensorflow-federated']",Is Tensorflow Federated-Learning only for simulating federated learning on one machine?,2019-08-02 17:27:29,2019-08-03 06:29:45
58785825,https://stackoverflow.com/questions/58785825/how-to-save-model-in-tensorflow-federated,['tensorflow-federated'],How to save model in tensorflow federated,2019-11-10 12:52:32,2021-03-28 14:34:39
61152605,https://stackoverflow.com/questions/61152605/async-fl-model,['tensorflow-federated'],Async - FL Model,2020-04-11 13:42:46,2020-05-10 21:24:16
61458419,https://stackoverflow.com/questions/61458419/tensorflow-federated-tff-learning-from-keras-model-with-a-model-with-densefe,"['python', 'tensorflow', 'keras', 'tensorflow2.0', 'tensorflow-federated']",Tensorflow Federated | tff.learning.from_keras_model() with a model with DenseFeature layer and multiple inputs,2020-04-27 20:00:53,2022-04-03 17:19:55
62893523,https://stackoverflow.com/questions/62893523/how-to-build-a-model-using-multiple-features-in-tensorflow-federated,"['python', 'tensorflow', 'tensorflow-federated']",How to build a model using multiple features in Tensorflow Federated?,2020-07-14 18:52:40,2020-07-16 22:01:53
63456963,https://stackoverflow.com/questions/63456963/other-compression-methods-for-federated-learning,['tensorflow-federated'],Other compression methods for Federated Learning,2020-08-18 02:51:15,2022-07-25 09:42:30
63498907,https://stackoverflow.com/questions/63498907/is-there-a-way-for-tff-clients-to-have-internal-states,['tensorflow-federated'],Is there a way for TFF clients to have internal states?,2020-08-20 13:39:16,2021-08-25 22:44:41
63723518,https://stackoverflow.com/questions/63723518/tensorflowfederated-passing-tensor-to-tff-federated-computation,['tensorflow-federated'],TensorFlowFederated: Passing tensor to tff.federated_computation,2020-09-03 20:17:49,2021-08-27 08:02:32
64760396,https://stackoverflow.com/questions/64760396/how-to-load-fashion-mnist-dataset-in-tensorflow-fedarated,"['python', 'tensorflow', 'keras', 'tensorflow-federated', 'federated-learning']",How to load Fashion MNIST dataset in Tensorflow Fedarated?,2020-11-10 06:52:23,2020-11-29 00:28:34
64791796,https://stackoverflow.com/questions/64791796/linear-regression-using-tf-data-with-federated-core-api-and-data-on-remote-execu,"['tensorflow2.0', 'tensorflow-datasets', 'tensorflow-federated']",Linear regression using tf.data with federated core API and data on remote execution client,2020-11-12 02:06:23,2020-11-18 12:58:37
65434193,https://stackoverflow.com/questions/65434193/multi-gpu-tff-simulation-errors-detected-dataset-reduce-op-in-multi-gpu-tff-sim,"['tensorflow', 'gpu', 'tensorflow-federated']",Multi-GPU TFF simulation errors &quot;Detected dataset reduce op in multi-GPU TFF simulation&quot;,2020-12-24 13:03:21,2020-12-31 14:14:13
65447819,https://stackoverflow.com/questions/65447819/add-other-metrics-to-compute-performance,"['tensorflow', 'tensorflow2.0', 'tensorflow-federated']",Add other metrics to compute performance,2020-12-25 19:50:56,2020-12-29 18:35:07
65578020,https://stackoverflow.com/questions/65578020/how-to-make-prediction-with-tff,['tensorflow-federated'],How to make prediction with TFF?,2021-01-05 19:29:34,2021-01-13 13:22:06
65830370,https://stackoverflow.com/questions/65830370/tensorflow-federated-compression-how-to-implement-a-stateful-encoder-to-be-used,"['python', 'tensorflow-federated']",TensorFlow Federated Compression: How to implement a stateful encoder to be used in in TFF&#39;s build_federated_averaging_process?,2021-01-21 23:17:16,2021-01-22 16:39:40
65943395,https://stackoverflow.com/questions/65943395/track-privacy-guarantees-in-a-federated-learning-process-with-dp-query,"['tensorflow2.0', 'tensorflow-federated']",Track privacy guarantees in a federated learning process with DP-query,2021-01-29 02:47:42,2021-01-31 04:56:19
66206118,https://stackoverflow.com/questions/66206118/typeerror-expected-tensorflow-python-framework-tensor-spec-tensorspec-found-nu,['tensorflow-federated'],"TypeError: Expected tensorflow.python.framework.tensor_spec.TensorSpec, found numpy.ndarray",2021-02-15 18:12:18,2021-02-16 01:42:11
66259690,https://stackoverflow.com/questions/66259690/tff-test-accuracy-fluctuate,"['tensorflow-federated', 'federated-learning']",TFF : test accuracy fluctuate,2021-02-18 20:10:21,2021-03-03 15:22:26
66557738,https://stackoverflow.com/questions/66557738/exploding-memory-consumption-when-training-fl-model-with-varying-number-of-parti,['tensorflow-federated'],Exploding memory consumption when training FL model with varying number of participants per round,2021-03-10 11:00:00,2021-03-23 02:24:37
67057583,https://stackoverflow.com/questions/67057583/tff-modify-the-process-that-includes-an-initialization-and-iterated-computatio,['tensorflow-federated'],TFF : Modify the process that includes an initialization and iterated computation,2021-04-12 19:30:58,2021-05-25 19:22:34
69767043,https://stackoverflow.com/questions/69767043/training-submodel-instead-of-full-model-tensorflow-federated,"['python', 'tensorflow', 'tensorflow-federated']",Training submodel instead of full model Tensorflow Federated,2021-10-29 18:02:33,2022-07-14 20:54:15
71167600,https://stackoverflow.com/questions/71167600/how-to-build-federated-learning-model-of-unbalanced-and-small-dataset,"['machine-learning', 'tensorflow-federated', 'federated-learning']",How to build federated learning model of unbalanced and small dataset,2022-02-18 10:05:39,2022-02-19 08:49:19
71428904,https://stackoverflow.com/questions/71428904/valueerror-layer-sequential-expects-1-inputs-but-it-received-10-input-tens,"['python', 'tensorflow', 'keras', 'tensorflow-federated']","ValueError: Layer &quot;sequential&quot; expects 1 input(s), but it received 10 input tensors",2022-03-11 02:14:36,2022-03-15 23:48:50
72179718,https://stackoverflow.com/questions/72179718/how-to-tune-hyper-parameters-for-cifar100-in-tensorflow-federated-tff-without-dr,"['python', 'tensorflow', 'google-colaboratory', 'tensorflow-federated', 'federated-learning']",How to tune hyper parameters for CIFAR100 in tensorflow_federated TFF without dropping in the accuracy?,2022-05-10 09:15:39,2022-05-11 00:59:13
55286731,https://stackoverflow.com/questions/55286731/what-is-the-recommended-way-to-mix-tensorflow-and-tensorflow-federated-code,"['python', 'tensorflow', 'tensorflow-federated']",What is the recommended way to mix TensorFlow and TensorFlow Federated code?,2019-03-22 02:09:56,2019-03-22 04:03:48
55959848,https://stackoverflow.com/questions/55959848/cannot-serialize-protocol-buffer-when-using-mobilenet-with-tensorflow-federated,"['python', 'tensorflow', 'keras', 'tensorflow-federated', 'mobilenet']",Cannot serialize protocol buffer when using MobileNet with Tensorflow Federated,2019-05-03 04:32:29,2020-02-14 12:55:49
56050014,https://stackoverflow.com/questions/56050014/operations-performed-on-the-communications-between-the-server-and-clients,"['tensorflow', 'tensorflow-federated', 'federated-learning']",Operations performed on the communications between the server and clients,2019-05-09 06:47:10,2020-12-14 01:21:36
57839097,https://stackoverflow.com/questions/57839097/are-there-any-way-to-do-federated-learning-with-real-multiple-machines-using-ten,"['tensorflow', 'tensorflow-federated']",Are there any way to do federated learning with real multiple machines using tensorflow-federated API?,2019-09-08 12:03:14,2019-10-30 15:37:21
57898984,https://stackoverflow.com/questions/57898984/in-tensorflow-federated-how-to-assign-different-training-functions-to-different,['tensorflow-federated'],"In tensorflow federated, how to assign different training functions to different clients?",2019-09-12 10:33:02,2019-09-15 05:24:26
58004272,https://stackoverflow.com/questions/58004272/is-there-a-reasonable-way-to-create-tff-clients-datat-sets,"['tensorflow-datasets', 'tensorflow-federated']",Is there a reasonable way to create tff clients datat sets?,2019-09-19 13:32:04,2020-05-08 17:20:08
59193069,https://stackoverflow.com/questions/59193069/mse-error-different-during-training-and-evaluation-in-tensorflow-federated,"['tensorflow', 'machine-learning', 'tensorflow2.0', 'tensorflow-federated', 'federated-learning']",MSE error different during training and evaluation in tensorflow federated,2019-12-05 18:27:07,2020-11-28 18:59:34
59741397,https://stackoverflow.com/questions/59741397/federated-learning-convert-my-own-image-dataset-into-tff-simulation-clientdata,"['python', 'tensorflow', 'keras', 'tensorflow-federated', 'federated-learning']",Federated learning : convert my own image dataset into tff simulation Clientdata,2020-01-15 04:33:42,2020-11-29 00:29:22
60194646,https://stackoverflow.com/questions/60194646/is-it-possible-to-train-a-neural-network-model-with-tensoflow-lite-or-any-other,"['deep-learning', 'tensorflow-federated']",Is it possible to TRAIN a neural network model with Tensoflow Lite/Or any other frameworks on smartphones?,2020-02-13 02:13:59,2020-03-14 22:24:58
60966874,https://stackoverflow.com/questions/60966874/running-the-event-loop-in-tf-federated,['tensorflow-federated'],running the event loop in tf federated,2020-04-01 16:45:08,2020-05-04 13:30:15
60998080,https://stackoverflow.com/questions/60998080/tff-how-simulate-training-on-random-samples-of-users-in-each-round,['tensorflow-federated'],TFF: How simulate training on random samples of users in each round,2020-04-03 02:01:10,2021-06-11 19:14:41
61034455,https://stackoverflow.com/questions/61034455/tensorflow-federated-how-can-i-write-an-input-spec-for-a-model-with-more-than-o,"['python', 'tensorflow', 'tensorflow-federated']",TensorFlow Federated: How can I write an Input Spec for a model with more than one input,2020-04-05 04:37:35,2020-04-12 23:57:26
61603476,https://stackoverflow.com/questions/61603476/nameerror-name-filecheckpointmanager-is-not-defined-while-saving-model,['tensorflow-federated'],NameError: name &#39;FileCheckpointManager&#39; is not defined while saving model,2020-05-05 07:44:29,2020-05-05 10:31:18
61786305,https://stackoverflow.com/questions/61786305/tff-loading-a-pre-trained-keras-model,['tensorflow-federated'],TFF loading a pre-trained Keras model,2020-05-14 06:57:06,2020-05-17 03:33:23
62040659,https://stackoverflow.com/questions/62040659/grid-search-applicable-for-tff-and-fl,"['grid-search', 'tensorflow-federated', 'federated-learning']",Grid Search Applicable for TFF and FL.?,2020-05-27 18:14:02,2020-11-28 18:55:28
62598087,https://stackoverflow.com/questions/62598087/is-there-a-way-to-cast-a-federated-value,['tensorflow-federated'],Is there a way to cast a federated value?,2020-06-26 23:34:09,2020-06-30 00:19:09
62711362,https://stackoverflow.com/questions/62711362/tff-difference-between-split-clients-into-train-and-test-or-split-each-client,['tensorflow-federated'],TFF : Difference between split clients into train and test or split each client dataset into train and test,2020-07-03 16:22:35,2020-07-03 23:00:05
62754913,https://stackoverflow.com/questions/62754913/attempting-to-capture-an-eagertensor-without-building-a-function-error-while,"['tensorflow', 'tensorflow2.0', 'tf.keras', 'tensorflow-federated']",&#39;Attempting to capture an EagerTensor without building a function&#39; Error: While building Federated Averaging Process,2020-07-06 19:18:06,2020-07-06 21:10:05
63460420,https://stackoverflow.com/questions/63460420/federated-tensorflow-memory-overloads-a-single-gpu,"['python', 'tensorflow', 'out-of-memory', 'tensorflow-federated']",Federated Tensorflow memory-overloads a single GPU,2020-08-18 08:54:46,2020-08-19 00:47:29
63539599,https://stackoverflow.com/questions/63539599/can-i-use-class-weight-in-keras-model-in-tensorflow-federated-learning-tff,"['python', 'tensorflow', 'tensorflow-federated']",Can I use class_weight in keras model in Tensorflow Federated Learning (TFF),2020-08-23 02:17:48,2020-08-24 21:47:11
63809453,https://stackoverflow.com/questions/63809453/how-does-tensorflow-federated-update-model-from-server,"['tensorflow', 'tensorflow-federated']",How does Tensorflow Federated update model from server,2020-09-09 18:12:17,2020-09-11 11:31:05
63917893,https://stackoverflow.com/questions/63917893/run-tensorflow-federated-on-gpu-with-colab,"['tensorflow', 'google-colaboratory', 'tensorflow-federated']",Run TensorFlow Federated on GPU with Colab,2020-09-16 18:17:18,2020-09-25 23:01:35
63955527,https://stackoverflow.com/questions/63955527/tensorflow-federated-how-to-map-the-remote-worker-with-remote-datasets-in-iter,['tensorflow-federated'],Tensorflow federated : How to map the remote-worker with remote datasets in iterative_process.next?,2020-09-18 20:10:10,2020-09-29 04:48:28
65411118,https://stackoverflow.com/questions/65411118/is-it-possible-to-send-different-subset-of-weights-to-different-clients,"['tensorflow', 'tensorflow2.0', 'tensorflow-federated']",Is it possible to send different subset of weights to different clients?,2020-12-22 23:10:51,2020-12-23 07:02:13
65458032,https://stackoverflow.com/questions/65458032/tff-how-split-data-of-each-client,['tensorflow-federated'],TFF: How split data of each client,2020-12-26 23:43:13,2020-12-27 05:53:28
65471612,https://stackoverflow.com/questions/65471612/tensorflow-federated-has-no-attribute-namedtupletype,"['python', 'tensorflow', 'tensorflow-federated', 'federated-learning']",&#39;tensorflow_federated&#39; has no attribute &#39;NamedTupleType,2020-12-28 07:57:17,2020-12-28 11:37:41
65498670,https://stackoverflow.com/questions/65498670/expected-a-tensorflow-computation-found-intrinsic,"['python', 'tensorflow', 'machine-learning', 'tensorflow-federated', 'federated-learning']","Expected a TensorFlow computation, found intrinsic",2020-12-30 04:56:21,2021-08-17 12:16:40
65553960,https://stackoverflow.com/questions/65553960/how-to-build-federated-averaging-process-from-custom-federated-dataset-that-load,"['python', 'tensorflow', 'tensorflow-federated', 'federated-learning']",How to build federated_averaging_process from custom federated dataset that loads from CSV file,2021-01-04 03:23:23,2021-01-09 21:14:14
65578498,https://stackoverflow.com/questions/65578498/tff-valueerror-shapes-none-1-and-none-are-incompatible,"['tensorflow', 'tensorflow2.0', 'tensorflow-federated']","TFF : ValueError: Shapes (None, 1) and (None,) are incompatible",2021-01-05 20:02:33,2021-01-06 17:35:28
65637227,https://stackoverflow.com/questions/65637227/getting-valueerror-for-building-fedavg-from-multi-output-keras-model,"['keras', 'tensorflow2.0', 'tensorflow-federated']",Getting ValueError for building fedAvg from multi-output keras model,2021-01-09 06:25:37,2021-07-22 16:01:57
65987943,https://stackoverflow.com/questions/65987943/does-tff-serializalize-functions-of-another-library,['tensorflow-federated'],Does TFF serializalize functions of another library?,2021-02-01 14:12:56,2021-02-05 11:01:36
66265109,https://stackoverflow.com/questions/66265109/federated-learning-in-tensorflow-federated-is-there-any-way-to-apply-early-stop,"['tensorflow', 'tensorflow-federated', 'federated-learning']","Federated Learning in Tensorflow Federated, is there any way to apply Early stopping on the client side?",2021-02-19 01:31:39,2021-02-20 13:07:13
66309222,https://stackoverflow.com/questions/66309222/how-can-i-access-value-in-sequence-type,"['tensorflow', 'tensorflow-federated']",How can I access value in sequence type?,2021-02-22 10:16:01,2021-02-23 18:56:32
66331850,https://stackoverflow.com/questions/66331850/how-do-i-create-an-fl-algorithm-that-uses-the-weights-of-a-few-clients,"['tensorflow', 'tensorflow-federated']",How do I create an FL algorithm that uses the weights of a few clients?,2021-02-23 19:00:21,2021-02-25 14:25:53
66579541,https://stackoverflow.com/questions/66579541/what-state-iterative-process-initialize-dow-in-federated-learning,"['tensorflow-federated', 'federated-learning']",What state = iterative_process.initialize() dow in Federated learning,2021-03-11 17:18:01,2021-04-04 15:52:14
66581075,https://stackoverflow.com/questions/66581075/warningtensorflowautograph-could-not-transform-function-lambda-at-0x7fca141,"['tensorflow-federated', 'federated-learning']",WARNING:tensorflow:AutoGraph could not transform &lt;function &lt;lambda&gt; at 0x7fca141a6d08&gt; and will run it as-is,2021-03-11 18:51:54,2021-04-05 08:45:01
66776030,https://stackoverflow.com/questions/66776030/proper-way-of-saving-clients-federated-datasets,"['tensorflow', 'tensorflow-datasets', 'tensorflow-federated']",Proper way of saving clients&#39; federated datasets,2021-03-24 14:53:00,2021-08-08 22:00:04
67053731,https://stackoverflow.com/questions/67053731/error-using-update-struct-function-in-tensorflow-federated,"['tensorflow', 'tensorflow-federated']",Error using update_struct function in TensorFlow Federated,2021-04-12 14:45:56,2021-04-12 16:50:14
67213520,https://stackoverflow.com/questions/67213520/tff-does-tff-support-any-other-models-except-neurel-networks,['tensorflow-federated'],TFF: Does TFF support any other models except neurel networks?,2021-04-22 20:41:52,2021-04-23 10:58:19
67533039,https://stackoverflow.com/questions/67533039/tensorflow-keras-input-0-of-layer-lstm-is-incompatible-with-the-layer-expec,"['python', 'tensorflow', 'machine-learning', 'keras', 'tensorflow-federated']","Tensorflow / Keras : Input 0 of layer lstm is incompatible with the layer: expected ndim=3, found ndim=2",2021-05-14 18:45:35,2021-05-14 19:35:33
67633859,https://stackoverflow.com/questions/67633859/norm-clipping-technique-in-tff,"['tensorflow-federated', 'federated-learning']",Norm clipping technique in TFF,2021-05-21 17:06:13,2021-05-23 01:04:25
67810671,https://stackoverflow.com/questions/67810671/what-does-intial-clip-norm-mean-in-gaussian-adaptive-clipping-in-tff,"['tensorflow-federated', 'federated-learning']",What does intial_clip_norm mean in gaussian adaptive clipping in TFF?,2021-06-03 02:32:51,2021-06-03 14:17:41
68341156,https://stackoverflow.com/questions/68341156/tensorflow-federated-tff-0-19-performs-significantly-worse-than-tff-0-17-when,['tensorflow-federated'],Tensorflow federated (TFF) 0.19 performs significantly worse than TFF 0.17 when running &quot;Building Your Own Federated Learning Algorithm&quot; tutorial,2021-07-12 09:54:37,2021-07-14 10:04:55
68668322,https://stackoverflow.com/questions/68668322/attributeerror-module-tensorflow-federated-python-simulation-has-no-attribute,"['python', 'tensorflow-federated']",AttributeError: module &#39;tensorflow_federated.python.simulation&#39; has no attribute &#39;HDF5ClientData&#39;,2021-08-05 22:17:45,2021-08-06 00:48:39
69499432,https://stackoverflow.com/questions/69499432/federated-averaging-and-tensorflow,"['tensorflow', 'tensorflow-federated', 'federated-learning']",Federated Averaging and TensorFlow,2021-10-09 01:03:26,2021-10-12 01:13:13
69542184,https://stackoverflow.com/questions/69542184/runtimeerror-no-default-context-installed-when-using-tensorflow-federated,"['python', 'tensorflow', 'runtime-error', 'tensorflow-federated']",&quot;RuntimeError: No default context installed. &quot; when using Tensorflow Federated,2021-10-12 22:17:52,2021-10-13 07:17:13
69607949,https://stackoverflow.com/questions/69607949/how-to-implement-custom-encode-tensorflow-federated,"['python', 'tensorflow', 'tensorflow-federated']",How to implement custom encode Tensorflow Federated,2021-10-18 03:36:56,2021-10-20 19:50:05
69783251,https://stackoverflow.com/questions/69783251/custom-aggregators-with-client-states-as-states,['tensorflow-federated'],custom aggregators with client_states as states,2021-10-31 09:13:52,2021-11-01 02:34:45
69891610,https://stackoverflow.com/questions/69891610/local-model-performance-in-tensorflow-federated,"['tensorflow', 'tensorflow-federated', 'federated-learning']",Local Model performance in Tensorflow Federated,2021-11-09 08:53:58,2022-03-24 11:16:08
69949143,https://stackoverflow.com/questions/69949143/tensorflow-federated-on-windows,"['windows', 'installation', 'tensorflow-federated']",TensorFLow Federated on Windows,2021-11-13 05:16:20,2021-11-15 21:56:22
71037598,https://stackoverflow.com/questions/71037598/how-to-gather-all-client-weights-at-server-in-tff,['tensorflow-federated'],How to gather all client weights at server in TFF?,2022-02-09 00:44:48,2022-02-09 03:15:43
71251685,https://stackoverflow.com/questions/71251685/module-keras-api-v2-keras-experimental-has-no-attribute-peepholelstmcell,"['python', 'tensorflow', 'google-colaboratory', 'tensorflow-federated']",module &#39;keras.api._v2.keras.experimental&#39; has no attribute &#39;PeepholeLSTMCell&#39;,2022-02-24 20:05:07,2022-03-08 20:26:42
71273332,https://stackoverflow.com/questions/71273332/tff-simulation-datasets-clientdata-to-build-federated-learning-model-from-csv-fi,"['python', 'tensorflow', 'tensorflow-federated']",tff.simulation.datasets.ClientData to build federated learning model from CSV files,2022-02-26 09:20:40,2022-02-26 23:23:21
71285825,https://stackoverflow.com/questions/71285825/using-create-tf-dataset-for-client-to-define-the-training-examples-in-the-data,"['python', 'tensorflow', 'tensorflow-datasets', 'tensorflow-federated', 'federated-learning']",Using create_tf_dataset_for_client() to define the training examples in the dataset,2022-02-27 22:59:35,2022-03-03 06:59:30
71289273,https://stackoverflow.com/questions/71289273/tff-train-test-client-split-to-partition-each-client-data,"['python', 'tensorflow', 'machine-learning', 'tensorflow-datasets', 'tensorflow-federated']",TFF: train_test_client_split to partition each client data,2022-02-28 07:29:09,2022-02-28 21:57:18
71322383,https://stackoverflow.com/questions/71322383/tff-define-the-usage-of-tensorflow-take-function,"['python', 'tensorflow', 'machine-learning', 'tensorflow-datasets', 'tensorflow-federated']",Tff: define the usage of Tensorflow.take() function,2022-03-02 20:03:59,2022-03-03 00:12:45
71330639,https://stackoverflow.com/questions/71330639/splitting-the-data-into-training-and-testing-in-federated-learning,"['python', 'tensorflow', 'tensorflow-datasets', 'tensorflow-federated']",splitting the data into training and testing in federated learning,2022-03-03 08:04:24,2022-03-10 21:35:39
71506975,https://stackoverflow.com/questions/71506975/valueerror-missing-data-for-input-input-2-you-passed-a-data-dictionary-with,"['python', 'tensorflow', 'keras', 'tensorflow-federated']","ValueError: Missing data for input &quot;input_2&quot;. You passed a data dictionary with keys [&#39;y&#39;, &#39;x&#39;]. Expected the following keys: [&#39;input_2&#39;]",2022-03-17 12:05:40,2022-03-18 02:08:22
72022654,https://stackoverflow.com/questions/72022654/attributeerror-module-tensorflow-federated-python-learning-has-no-attribute,"['tensorflow', 'tensorflow-federated']",AttributeError: module &#39;tensorflow_federated.python.learning&#39; has no attribute &#39;assign_weights_to_keras_model&#39;,2022-04-27 10:36:59,2022-07-03 00:03:01
72146421,https://stackoverflow.com/questions/72146421/attributeerror-mapdataset-object-has-no-attribute-client-ids-in-tensorflow,"['python', 'tensorflow', 'google-colaboratory', 'tensorflow-federated', 'federated-learning']",AttributeError: &#39;MapDataset&#39; object has no attribute &#39;client_ids&#39; in tensorflow_federated TFF,2022-05-07 03:19:03,2022-05-07 20:33:16
72241747,https://stackoverflow.com/questions/72241747/how-to-add-noise-differential-privacy-to-clients-weights-in-federal-learning,"['python', 'tensorflow', 'tensorflow-federated']",How to add noise (differential privacy) to clients weights in federal learning?,2022-05-14 23:41:10,2022-05-23 17:41:25
72263736,https://stackoverflow.com/questions/72263736/cant-to-install-tensorflow-federated,"['python', 'tensorflow', 'google-colaboratory', 'tensorflow-federated', 'federated-learning']",Cant to install tensorflow_federated,2022-05-17 02:08:34,2022-05-21 08:40:43
72467705,https://stackoverflow.com/questions/72467705/unbalanced-client-size-in-federated-learning,"['tensorflow', 'tensorflow-federated', 'federated-learning']",Unbalanced client size in federated learning,2022-06-02 04:29:02,2022-06-04 02:30:19
64050391,https://stackoverflow.com/questions/64050391/how-data-and-target-are-choosen-in-a-federated-learning-pysyft,"['python', 'pytorch', 'federated-learning', 'pysyft']",how &quot;data&quot; and &quot;target&quot; are choosen in a federated learning? (PySyft),2020-09-25 00:15:18,2021-04-01 03:11:42
72792770,https://stackoverflow.com/questions/72792770/how-to-save-weights-in-tensorflow-federated,"['python', 'tensorflow', 'tensorflow-federated', 'federated-learning']",How to save weights in tensorflow federated,2022-06-29 04:26:13,2022-07-07 12:57:39
72713816,https://stackoverflow.com/questions/72713816/is-it-against-privacy-of-clients-if-i-have-a-global-tokenizer-in-federated-learn,"['tensorflow', 'nlp', 'tensorflow-federated', 'federated-learning']",Is it against privacy of clients if I have a global tokenizer in Federated Learning (TFF)?,2022-06-22 18:27:40,2022-07-16 09:54:25
72652038,https://stackoverflow.com/questions/72652038/why-cant-i-see-the-local-epochs-output-when-training-tensorflow-federated-learn,"['python-3.x', 'tensorflow2.0', 'tensorflow-federated', 'federated-learning']",Why can&#39;t I see the local epochs output when training tensorflow federated learning model?,2022-06-17 05:24:08,2022-07-14 21:25:52
72556795,https://stackoverflow.com/questions/72556795/how-to-access-labels-with-tff,"['python-3.x', 'tensorflow', 'tensorflow-federated', 'federated-learning', 'federated']",How to access labels with TFF,2022-06-09 16:09:09,2022-06-10 20:37:58
72076723,https://stackoverflow.com/questions/72076723/attributeerror-mapdataset-object-has-no-attribute-preprocess-in-tensorflow,"['python', 'tensorflow', 'google-colaboratory', 'tensorflow-federated', 'federated-learning']",AttributeError: &#39;MapDataset&#39; object has no attribute &#39;preprocess&#39; in tensorflow_federated tff,2022-05-01 20:30:14,2022-05-01 22:48:37
71630891,https://stackoverflow.com/questions/71630891/mismatched-number-of-elements-between-type-spec-and-value-in-to-representation,"['python', 'tensorflow-federated', 'federated-learning']","Mismatched number of elements between type spec and value in `to_representation_for_type`. Type spec has 2 elements, value has 5",2022-03-27 02:48:35,2022-03-28 12:33:39
71209010,https://stackoverflow.com/questions/71209010/mnist-shard-descriptor-indexerror-list-index-out-of-range,"['deep-learning', 'sharding', 'mnist', 'federated-learning']",MNIST Shard Descriptor: IndexError: list index out of range,2022-02-21 23:34:31,2022-03-01 16:01:58
70990386,https://stackoverflow.com/questions/70990386/how-to-flatten-test-image-dataset-and-create-a-batch-of-tuple-of-flattened-imag,"['python', 'tensorflow', 'jupyter-notebook', 'tensorflow-datasets', 'federated-learning']","How to flatten test image dataset and create a batch of tuple of (flattened image , labels)?",2022-02-05 01:21:53,2022-02-05 02:21:01
70825390,https://stackoverflow.com/questions/70825390/limited-number-of-clients-used-in-federated-learning,"['tensorflow-federated', 'federated', 'federated-learning']",Limited number of clients used in federated learning,2022-01-24 02:40:06,2022-02-06 12:37:43
70338012,https://stackoverflow.com/questions/70338012/running-out-of-ram-using-fileperuserclientdata,"['tensorflow-datasets', 'tensorflow-federated', 'federated-learning']",Running Out of RAM using FilePerUserClientData,2021-12-14 00:42:47,2022-01-01 01:30:15
69596586,https://stackoverflow.com/questions/69596586/how-to-change-the-update-that-the-client-send-to-the-server-tensorflow-federated,"['python', 'tensorflow', 'tensorflow-federated', 'federated-learning']",How to change the update that the client send to the server Tensorflow Federated,2021-10-16 22:39:05,2021-10-19 16:38:38
68691256,https://stackoverflow.com/questions/68691256/attributeerror-module-tensorflow-privacy-has-no-attribute-dpquery,"['tensorflow', 'google-colaboratory', 'attributeerror', 'tensorflow-federated', 'federated-learning']",AttributeError: module &#39;tensorflow_privacy&#39; has no attribute &#39;DPQuery&#39;,2021-08-07 17:53:15,2021-08-07 20:15:56
67634399,https://stackoverflow.com/questions/67634399/in-fl-can-clients-train-different-model-architectures,"['tensorflow-federated', 'federated-learning']","In FL, can clients train different model architectures?",2021-05-21 17:40:09,2021-05-21 21:07:34
67077765,https://stackoverflow.com/questions/67077765/model-spec-in-federated-learning-using-tensorflow-federated-core,"['tensorflow', 'tensorflow-federated', 'federated-learning']",MODEL_SPEC in Federated Learning (Using Tensorflow Federated Core),2021-04-13 23:21:31,2021-04-13 23:39:31
66546336,https://stackoverflow.com/questions/66546336/the-initialize-computation-to-construct-the-server-state,"['tensorflow-federated', 'federated-learning']",the initialize computation to construct the server state,2021-03-09 19:50:01,2021-04-13 09:00:27
66277912,https://stackoverflow.com/questions/66277912/the-validation-accuracy-gets-lower-when-the-number-of-workers-increases-in-feder,"['tensorflow-federated', 'federated-learning']",The validation accuracy gets lower when the number of workers increases in Federated Learning with non-IID dataset,2021-02-19 20:51:53,2021-02-20 22:14:18
65481370,https://stackoverflow.com/questions/65481370/size-mismatch-in-tensorflow-federated-eager-executor,"['python', 'tensorflow', 'machine-learning', 'tensorflow-federated', 'federated-learning']",Size mismatch in tensorflow_federated eager executor,2020-12-29 01:14:26,2020-12-29 06:35:54
62398875,https://stackoverflow.com/questions/62398875/how-to-transfer-weights-from-baseline-model-to-federated-model,"['tensorflow', 'tensorflow-federated', 'federated-learning']",How to transfer weights from baseline model to federated model?,2020-06-16 08:00:17,2020-11-28 18:54:46
62083380,https://stackoverflow.com/questions/62083380/federated-learning-implementing,"['python', 'machine-learning', 'federated-learning']",federated learning implementing,2020-05-29 18:01:14,2020-11-28 18:55:09
61243073,https://stackoverflow.com/questions/61243073/does-tensorflow-federated-support-dynamic-batch-size,"['tensorflow', 'tensorflow2.0', 'tensorflow-federated', 'federated-learning']",Does tensorflow-federated support dynamic batch size?,2020-04-16 13:09:39,2020-11-28 18:56:40
60866002,https://stackoverflow.com/questions/60866002/pysyft-client-and-server,"['websocket', 'federated-learning', 'pysyft']",Pysyft client and server,2020-03-26 19:17:03,2020-11-28 19:01:42
60202610,https://stackoverflow.com/questions/60202610/pysyft-federated-learning-error-with-websockets,"['python', 'websocket', 'pytorch', 'federated-learning', 'pysyft']","Pysyft Federated learning, Error with Websockets",2020-02-13 15:33:37,2020-11-28 19:03:07
59622300,https://stackoverflow.com/questions/59622300/resnet-model-in-tensorflow-federated,"['tensorflow', 'resnet', 'tensorflow-federated', 'federated-learning']",ResNet model in Tensorflow Federated,2020-01-07 12:47:12,2020-11-28 18:58:24
59484278,https://stackoverflow.com/questions/59484278/pureframeworktensorfounderror-runtime-error-fedeartedlearning,"['python', 'pytorch', 'federated-learning', 'pysyft']","PureFrameworkTensorFoundError, Runtime error -FedeartedLearning",2019-12-26 13:43:05,2020-11-28 19:09:32
59481435,https://stackoverflow.com/questions/59481435/valueerror-the-name-sequential-is-used-4-times-in-the-model-all-the-layer-na,"['machine-learning', 'keras', 'ensemble-learning', 'federated-learning']",ValueError: The name &quot;Sequential&quot; is used 4 times in the model. All the layer names should be unique?,2019-12-26 03:52:53,2020-11-28 18:58:47
59430106,https://stackoverflow.com/questions/59430106/how-to-implement-my-own-federated-algorithm-usinsg-tensorflow-federated,"['tensorflow', 'tensorflow-federated', 'federated-learning']",How to implement my own federated algorithm Usinsg tensorflow federated,2019-12-21 02:53:53,2020-11-28 18:59:11
56529169,https://stackoverflow.com/questions/56529169/how-to-use-tff-apis-for-custom-usage,"['python', 'tensorflow', 'tensorflow-federated', 'federated-learning']",How to use TFF api&#39;s for custom usage?,2019-06-10 23:21:54,2020-12-14 01:21:53
72777309,https://stackoverflow.com/questions/72777309/when-switching-from-federated-to-centralized-dataset-error-may-indicate-that-yo,"['python', 'numpy', 'tensorflow', 'tensorflow-federated', 'federated-learning']",When switching from federated to centralized dataset -Error may indicate that you&#39;re trying to pass a Tensor to a NumPy call,2022-06-28 03:16:21,2022-07-07 13:09:53
71767784,https://stackoverflow.com/questions/71767784/accuracy-0-for-binary-classification,"['deep-learning', 'pytorch', 'loss', 'cross-entropy', 'federated-learning']",Accuracy 0% for binary classification,2022-04-06 21:36:06,2022-04-06 22:27:50
70590588,https://stackoverflow.com/questions/70590588/typeerror-init-got-an-unexpected-keyword-argument-intialize-fn,"['tensorflow', 'tensorflow-federated', 'federated-learning']",TypeError: __init__() got an unexpected keyword argument &#39;intialize_fn&#39;,2022-01-05 17:33:12,2022-01-06 03:40:21
69841983,https://stackoverflow.com/questions/69841983/intel-openfl-runtimeerror-mat1-and-mat2-shapes-cannot-be-multiplied-128x512,"['neural-network', 'runtime-error', 'intel', 'openfl', 'federated-learning']",Intel OpenFL - RuntimeError: mat1 and mat2 shapes cannot be multiplied (128x512 and 2048x4096),2021-11-04 23:45:40,2022-02-23 23:36:43
68018178,https://stackoverflow.com/questions/68018178/federated-learning-for-image-classification-in-colab,"['python', 'machine-learning', 'tensorflow-federated', 'federated-learning']",Federated Learning for Image Classification in colab,2021-06-17 19:12:23,2021-06-20 01:09:27
67602060,https://stackoverflow.com/questions/67602060/how-to-print-state-of-model-in-federated-learning,"['tensorflow-federated', 'federated-learning']",How to print state of model in Federated learning,2021-05-19 19:08:11,2021-05-19 19:29:53
67051923,https://stackoverflow.com/questions/67051923/no-module-named-tensorflow-fedarated,"['python-3.x', 'tensorflow', 'google-colaboratory', 'federated-learning']",No module named &#39;tensorflow_fedarated&#39;,2021-04-12 10:21:55,2021-04-22 21:06:21
66875831,https://stackoverflow.com/questions/66875831/federated-reinforcement-learning,"['python', 'pytorch', 'reinforcement-learning', 'deque', 'federated-learning']",Federated reinforcement learning,2021-03-31 01:37:48,2021-03-31 13:34:10
66304067,https://stackoverflow.com/questions/66304067/error-while-executing-federated-learning-text-generation-tutorial-in-colab,"['tensorflow', 'google-colaboratory', 'tensorflow-datasets', 'tensorflow-federated', 'federated-learning']",Error while executing federated learning text generation tutorial in Colab,2021-02-21 23:43:42,2021-02-22 01:09:24
66289113,https://stackoverflow.com/questions/66289113/how-to-split-the-dataset-into-train-and-test-based-on-client-number-using-feder,"['python', 'tensorflow', 'federated-learning']",How to split the dataset into train and test based on client number using &quot;Federated learning&quot;,2021-02-20 15:32:33,2021-02-20 19:44:59
65527210,https://stackoverflow.com/questions/65527210/lstm-sequence-prediction-overfits-on-one-specific-value-only,"['machine-learning', 'keras', 'lstm', 'federated-learning']",LSTM sequence prediction overfits on one specific value only,2021-01-01 12:01:35,2021-01-06 15:42:16
64962547,https://stackoverflow.com/questions/64962547/converting-csv-file-data-into-federated-data,"['python', 'pandas', 'tensorflow', 'tensorflow-federated', 'federated-learning']",Converting CSV file data into federated data,2020-11-23 12:26:19,2020-11-28 19:12:17
64037971,https://stackoverflow.com/questions/64037971/using-dart-pigeon-in-a-federated-model,"['dart', 'plugins', 'federated-learning']",Using dart pigeon in a federated model,2020-09-24 08:28:34,2021-12-11 23:53:28
73083132,https://stackoverflow.com/questions/73083132/im-getting-an-numpyclient-fit-did-not-return-a-tuple-with-3-elements-error,"['python', 'scikit-learn', 'data-science', 'flower', 'federated-learning']",I&#39;m getting an **NumPyClient.fit did not return a tuple with 3 elements.** error when I run client.py file. What could be the problem?,2022-07-23 00:02:57,2022-07-23 00:16:53
66576677,https://stackoverflow.com/questions/66576677/accuracy-decreasing-after-iteration-in-federated-learning-setting,"['python', 'tensorflow', 'machine-learning', 'mnist', 'federated-learning']",Accuracy decreasing after iteration in federated learning setting,2021-03-11 12:53:21,2021-03-31 20:37:33
71441870,https://stackoverflow.com/questions/71441870/training-the-global-and-local-model-in-federated-learning,"['tensorflow', 'machine-learning', 'tensorflow-federated', 'federated-learning']",Training the global and local model in federated learning,2022-03-12 00:43:59,2022-03-17 22:47:38
72698170,https://stackoverflow.com/questions/72698170/typeerror-expected-at-most-1-arguments-got-2-data-collections-ordered,"['python', 'ordereddictionary', 'tensorflow-federated', 'federated-learning', 'ordereddict']","TypeError: expected at most 1 arguments, got 2....... data = collections.OrderedDict(&#39;data&#39;, distributed_data[i])",2022-06-21 17:14:29,2022-06-21 17:50:12
66680070,https://stackoverflow.com/questions/66680070/attributeerror-type-object-tensor-has-no-attribute-fft,['pysyft'],AttributeError: type object &#39;Tensor&#39; has no attribute &#39;fft&#39;,2021-03-18 03:37:23,2021-07-03 14:55:39
58367187,https://stackoverflow.com/questions/58367187/modulenotfounderror-no-module-named-syft-pysyft,"['python', 'conda', 'pysyft']",ModuleNotFoundError: No module named &#39;syft&#39; (PySyft),2019-10-14 03:42:39,2020-11-28 19:03:40
56975953,https://stackoverflow.com/questions/56975953/what-does-this-warning-mean-in-pate-analysis,"['python', 'pytorch', 'pysyft']",What does this warning mean in PATE analysis?,2019-07-11 01:38:33,2020-11-28 19:09:11
63469539,https://stackoverflow.com/questions/63469539/how-can-i-download-a-pip-whl-change-the-version-of-dependencies-and-build-a-whl,"['python', 'installation', 'pip', 'pysyft']","How can I download a pip whl, change the version of dependencies and build a whl file again to install it with pip?",2020-08-18 21:19:55,2022-01-27 03:38:34
61850455,https://stackoverflow.com/questions/61850455/could-not-find-a-version-that-satisfies-the-requirement-torch-1-4-0-from-syft,"['python', 'pytorch', 'pysyft']","Could not find a version that satisfies the requirement torch~=1.4.0 (from syft) (from versions: 0.1.2, 0.1.2.post1, 0.1.2.post2)",2020-05-17 18:39:11,2021-04-01 12:09:16
59239818,https://stackoverflow.com/questions/59239818/pysyft-torrch-jit-script-runtimeerror-undefined-value-reduction,"['python', 'pytorch', 'jit', 'pysyft']",pysyft torrch.jit. script RuntimeError: undefined value _Reduction,2019-12-09 04:54:55,2020-11-28 19:04:01
66483639,https://stackoverflow.com/questions/66483639/attributeerror-module-syft-has-no-attribute-torchhook,"['python', 'encryption', 'pysyft']",AttributeError: module &#39;syft&#39; has no attribute &#39;TorchHook&#39;,2021-03-05 05:54:50,2021-10-08 09:42:23
65236793,https://stackoverflow.com/questions/65236793/multiple-values-for-argument,"['python', 'pytorch', 'pysyft']",Multiple values for argument,2020-12-10 22:49:39,2020-12-10 23:12:23
60365627,https://stackoverflow.com/questions/60365627/syft-pysyft-modulenotfounderror-syft-proto-messaging-v1-protocol-pb2,"['python', 'installation', 'google-colaboratory', 'pysyft']",Syft (PySyft) : ModuleNotFoundError &#39;syft_proto.messaging.v1.protocol_pb2&#39;,2020-02-24 02:50:23,2020-11-28 19:05:15
72035825,https://stackoverflow.com/questions/72035825/typeerror-type-object-is-not-subscriptable-when-importing-tensorflow-federate,"['tensorflow', 'typeerror', 'google-colaboratory', 'tensorflow-federated']",TypeError: &#39;type&#39; object is not subscriptable when importing tensorflow_federated as tff,2022-04-28 06:08:14,2022-05-01 23:10:51
60920524,https://stackoverflow.com/questions/60920524/error-while-using-gpu-based-remote-execution-with-tensorflow-federated,"['python', 'tensorflow-federated']",Error while using GPU based remote execution with Tensorflow federated,2020-03-30 04:48:31,2020-05-13 07:34:14
60903579,https://stackoverflow.com/questions/60903579/error-when-running-tensorflow-federated-on-server,['tensorflow-federated'],Error when running TensorFlow Federated on server,2020-03-29 00:32:38,2020-03-31 16:28:10
60815004,https://stackoverflow.com/questions/60815004/modulenotfounderror-no-module-named-tensorflow-federated-python-research,"['python', 'ubuntu', 'deep-learning', 'tensorflow2.0', 'tensorflow-federated']",ModuleNotFoundError: No module named &#39;tensorflow_federated.python.research&#39;,2020-03-23 21:59:14,2020-03-23 22:56:50
57303280,https://stackoverflow.com/questions/57303280/how-to-create-your-own-federated-dataset-and-do-learning-over-multiple-devices-w,"['tensorflow', 'tensorflow-federated']",How to create your own federated dataset and do learning over multiple devices with TensorflowFederated?,2019-08-01 14:51:49,2019-08-03 06:33:19
71231671,https://stackoverflow.com/questions/71231671/how-to-solve-valueerror-unable-to-unpack-value-as-a-tf-compat-v1-graphdef,"['python', 'tensorflow', 'tensorflow-federated']",How to solve &quot;ValueError: Unable to unpack value [] as a tf.compat.v1.GraphDef&quot;,2022-02-23 13:14:14,2022-02-25 16:08:55
62273164,https://stackoverflow.com/questions/62273164/cannot-run-the-event-loop-when-another-loop-is-running,"['tensorflow', 'tensorflow2.0', 'tensorflow-serving', 'tensorflow-federated']",Cannot run the event loop when another loop is running,2020-06-09 08:28:59,2021-05-31 02:04:36
58484719,https://stackoverflow.com/questions/58484719/tensor-type-error-when-federated-learning,"['python', 'pandas', 'dataframe', 'tensorflow', 'tensorflow-federated']",Tensor type error when federated learning,2019-10-21 18:48:59,2019-10-22 20:37:32
72899013,https://stackoverflow.com/questions/72899013/how-to-install-tensorflow-federated-0-28-0-on-win10,"['python-3.x', 'tensorflow2.0', 'tensorflow-federated']",How to install Tensorflow-Federated 0.28.0 on win10?,2022-07-07 21:48:29,2022-07-20 01:56:14
72514759,https://stackoverflow.com/questions/72514759/find-the-true-and-predicted-labels-in-tensorflow-federated,"['python', 'tensorflow', 'machine-learning', 'tensorflow-federated']",Find the true and predicted labels in Tensorflow Federated,2022-06-06 16:07:56,2022-06-17 05:07:23
71899247,https://stackoverflow.com/questions/71899247/fedprox-tensorflow-federated-typeerror-cannot-unpack-non-iterable-learningproc,"['tensorflow', 'tensorflow-federated']",fedprox tensorflow federated (TypeError: cannot unpack non-iterable LearningProcessOutput object),2022-04-17 12:22:35,2022-04-27 22:18:28
71748346,https://stackoverflow.com/questions/71748346/keras-model-prediction-after-tensorflow-federated-learning,"['python', 'tensorflow', 'keras', 'tensorflow-federated']",Keras model prediction after tensorflow federated learning,2022-04-05 16:15:35,2022-06-16 21:23:21
71396780,https://stackoverflow.com/questions/71396780/loading-multiple-csv-files-silos-to-compose-tensorflow-federated-dataset,"['tensorflow-datasets', 'tensorflow-federated']",Loading multiple CSV files (silos) to compose Tensorflow Federated dataset,2022-03-08 22:38:54,2022-03-11 01:04:21
70398702,https://stackoverflow.com/questions/70398702/client-level-differential-privacy-in-tensorflow-federated-local-dp,"['tensorflow', 'keras', 'privacy', 'tensorflow-federated']",Client level differential privacy in Tensorflow Federated (Local DP),2021-12-18 04:44:03,2021-12-20 17:45:02
69619028,https://stackoverflow.com/questions/69619028/access-and-modify-weights-sent-from-client-on-the-server-tensorflow-federated,"['python', 'tensorflow', 'tensorflow-federated']",Access and modify weights sent from client on the server tensorflow federated,2021-10-18 23:51:20,2021-11-08 17:49:06
69614134,https://stackoverflow.com/questions/69614134/tensorflow-federated-object-is-not-subscriptable,"['python', 'tensorflow', 'tensorflow-federated']",Tensorflow Federated object is not subscriptable,2021-10-18 17:59:16,2021-10-19 16:58:05
69281046,https://stackoverflow.com/questions/69281046/how-to-change-clipping-and-noise-parameters-during-differentially-private-traini,['tensorflow-federated'],How to change clipping and noise parameters during differentially private training with Tensorflow Federated,2021-09-22 16:53:09,2021-09-24 00:27:26
68926524,https://stackoverflow.com/questions/68926524/how-to-initialize-clients-states-in-stateful-federated-learning-using-the-tens,"['python', 'tensorflow', 'tensorflow-federated']","How to initialize clients&#39; states in stateful Federated Learning, using the TensorFlow Federated framework?",2021-08-26 00:18:58,2021-08-26 18:03:37
68891143,https://stackoverflow.com/questions/68891143/tensorflow-federated-tff-typeerror-in-tff-templates-iterativeprocess-next-wh,"['tensorflow', 'python-3.6', 'tensorflow-federated']",TensorFlow Federated (TFF) TypeError in tff.templates.IterativeProcess.next() when clients_per_round exceed 99,2021-08-23 18:39:29,2021-08-25 12:14:50
67982276,https://stackoverflow.com/questions/67982276/recommended-way-of-measuring-execution-time-in-tensorflow-federated,"['tensorflow', 'tensorflow-federated']",Recommended way of measuring execution time in Tensorflow Federated,2021-06-15 15:58:43,2021-06-15 21:49:45
66778069,https://stackoverflow.com/questions/66778069/tensorflow-federated-in-c,"['tensorflow', 'tensorflow2.0', 'tensorflow-federated']",Tensorflow Federated in C++,2021-03-24 17:24:18,2022-06-20 08:28:22
66413948,https://stackoverflow.com/questions/66413948/per-example-clipping-in-tensorflow-federated-with-dp-fedavg,"['tensorflow', 'tensorflow2.0', 'tensorflow-federated']",Per example clipping in TensorFlow Federated with DP-FedAvg,2021-03-01 05:21:41,2021-03-03 01:29:03
65178310,https://stackoverflow.com/questions/65178310/customized-aggregation-algorithm-for-gradient-updates-in-tensorflow-federated,"['tensorflow', 'tensorflow-federated']",Customized aggregation algorithm for gradient updates in tensorflow federated,2020-12-07 16:33:16,2020-12-21 02:48:43
64398484,https://stackoverflow.com/questions/64398484/how-to-manipulate-client-gradients-in-tensorflow-federated-sgd,"['python', 'tensorflow', 'tensorflow-federated', 'sgd']",How to manipulate client gradients in tensorflow federated sgd,2020-10-17 10:33:25,2020-10-19 02:22:33
63090535,https://stackoverflow.com/questions/63090535/tensorflow-federated-tff-still-a-simulation-environment,"['tensorflow', 'tensorflow-federated']",Tensorflow Federated TFF still a Simulation Environment?,2020-07-26 00:07:56,2020-07-27 00:30:59
62906596,https://stackoverflow.com/questions/62906596/attributeerror-tensor-op-is-meaningless-when-eager-execution-is-enabled-when-us,"['python', 'tensorflow', 'keras', 'tensorflow-federated']",AttributeError: Tensor.op is meaningless when eager execution is enabled when using multiple feature inputs in Tensorflow federated,2020-07-15 10:13:44,2020-07-17 10:17:53
62832704,https://stackoverflow.com/questions/62832704/accuracy-is-decreasing-too-slowly-with-each-epoch-in-tensorflow-federated-traini,"['tensorflow', 'tensorflow-federated']",Accuracy is Decreasing Too Slowly with each Epoch in Tensorflow Federated Training,2020-07-10 18:49:15,2020-07-11 11:55:24
62578714,https://stackoverflow.com/questions/62578714/fedprox-with-tensorflow-federated,['tensorflow-federated'],FedProx with TensorFlow Federated,2020-06-25 23:18:12,2021-07-30 22:48:01
61268081,https://stackoverflow.com/questions/61268081/how-to-install-tensorflow-federated-directly-from-github-or-local-download,"['tensorflow', 'github', 'tensorflow-federated']",How to install Tensorflow federated directly from GitHub or local download?,2020-04-17 17:20:17,2021-11-09 22:59:32
61102268,https://stackoverflow.com/questions/61102268/cant-run-tensorflow-federated-on-gpu,['tensorflow-federated'],Can&#39;t run Tensorflow-federated on GPU,2020-04-08 21:48:21,2020-04-13 20:19:43
62398225,https://stackoverflow.com/questions/62398225/when-using-building-a-federated-averaging-process-typeerror-expected-a-callab,['tensorflow-federated'],When using building a federated averaging process - TypeError: Expected a callable.... found Enhanced Model,2020-06-16 06:46:32,2020-06-16 09:53:58
62786889,https://stackoverflow.com/questions/62786889/error-while-encoding-with-hub-keraslayer-while-using-tff,"['tensorflow', 'tensorflow2.0', 'tf.keras', 'tensorflow-federated']",&#39;Error While Encoding with Hub.KerasLayer&#39; while using TFF,2020-07-08 11:01:59,2020-07-09 22:02:09
60841235,https://stackoverflow.com/questions/60841235/how-to-prepare-my-datasetnot-images-to-implement-fedavg-on-tensorflow-federate,"['python', 'deep-learning', 'tensorflow-federated']",How to prepare my dataset(Not Images) to implement FedAVG on Tensorflow Federated?,2020-03-25 08:14:15,2020-03-25 21:17:30
60457040,https://stackoverflow.com/questions/60457040/get-typeerror-caught-exception-for-using-accuracy-in-tensorflow-federated,"['python', 'keras', 'tensorflow-federated']",get &#39;TypeError: Caught exception&#39; for using &#39;accuracy&#39; in Tensorflow Federated,2020-02-29 02:00:44,2020-03-10 18:48:48
60181180,https://stackoverflow.com/questions/60181180/tensorflow-federated-typeerror-when-using-customized-dataset-and-model,"['tensorflow', 'tensorflow-federated']",tensorflow federated : TypeError when using customized dataset and model,2020-02-12 12:30:15,2022-06-04 22:56:27
56514398,https://stackoverflow.com/questions/56514398/why-the-tensorflow-federated-performance-is-worse-than-single-keras-model,['tensorflow-federated'],Why the tensorflow-federated performance is worse than single Keras model,2019-06-09 20:00:01,2019-06-25 07:38:06
56334232,https://stackoverflow.com/questions/56334232/how-to-print-local-outputs-in-tensorflow-federated,['tensorflow-federated'],how to print local outputs in tensorflow federated?,2019-05-28 10:13:44,2022-03-25 01:12:09
56215147,https://stackoverflow.com/questions/56215147/can-i-aggregate-over-gradients-in-tensorflow-federated,"['tensorflow', 'tensorflow-federated']",Can I aggregate over gradients in tensorflow-federated?,2019-05-20 14:08:30,2019-05-21 00:36:07
56095605,https://stackoverflow.com/questions/56095605/adapting-an-existing-keras-model-with-multiple-inputs-to-tensorflow-federated,"['tensorflow', 'keras', 'tensorflow-federated']",Adapting an existing keras model with multiple inputs to tensorflow federated,2019-05-12 09:45:33,2019-05-16 01:05:49
55750736,https://stackoverflow.com/questions/55750736/tensorflow-federated-adapting-existing-keras-model,"['python-3.x', 'tensorflow', 'tensorflow-federated']",TensorFlow Federated - Adapting existing keras model,2019-04-19 01:05:14,2019-04-19 03:12:27
55510877,https://stackoverflow.com/questions/55510877/problem-with-evaluation-function-in-tensorflow-federated,['tensorflow-federated'],Problem with evaluation function in tensorflow federated,2019-04-04 16:08:02,2019-04-20 03:18:16
72428249,https://stackoverflow.com/questions/72428249/what-version-of-tensorflow-federated-has-the-module-federated-computation,"['python', 'tensorflow', 'tensorflow-federated']",What version of Tensorflow federated has the module &#39;federated_computation&#39;?,2022-05-30 08:52:37,2022-05-31 00:38:28
65274580,https://stackoverflow.com/questions/65274580/how-to-load-serverstate-optimizer-state-to-continue-training-in-tensorflow-feder,['tensorflow-federated'],How to load ServerState.optimizer_state to continue training in Tensorflow Federated,2020-12-13 18:33:01,2020-12-22 07:00:49
65071335,https://stackoverflow.com/questions/65071335/tensorflow-federated-0-17-0-is-totally-gpu-or-gpu-and-cpu,['tensorflow-federated'],Tensorflow-federated 0.17.0 is totally GPU or GPU and CPU?,2020-11-30 17:53:40,2020-12-01 03:17:27
64053996,https://stackoverflow.com/questions/64053996/tensorflow-federated-keras-model-with-custom-learning-algorithm,"['python', 'tensorflow', 'keras', 'tensorflow-federated']",TensorFlow Federated: Keras model with custom learning algorithm,2020-09-25 04:32:14,2020-10-01 13:01:21
64046242,https://stackoverflow.com/questions/64046242/applying-differential-privacy-in-tensorflow-federated,"['tensorflow', 'tensorflow-federated']",Applying Differential Privacy in TensorFlow Federated,2020-09-24 20:15:40,2020-09-25 00:13:21
61393106,https://stackoverflow.com/questions/61393106/does-tensorflow-federated-support-placing-training-data-on-client-side,"['tensorflow-federated', 'remote-execution']",Does tensorflow-federated support placing training data on client side?,2020-04-24 01:14:26,2020-05-10 20:29:33
60876340,https://stackoverflow.com/questions/60876340/how-can-i-save-a-trained-tensorflow-federated-model-as-a-h5-model,['tensorflow-federated'],How can I save a trained TensorFlow Federated model as a .h5 model?,2020-03-27 05:23:17,2020-03-28 17:37:47
59448706,https://stackoverflow.com/questions/59448706/how-to-get-client-models-based-on-keras-in-tensorflow-federated,['tensorflow-federated'],How to get client models (based on Keras) in tensorflow federated?,2019-12-23 07:06:17,2019-12-23 22:34:17
58247978,https://stackoverflow.com/questions/58247978/tensorflow-federated-learning-checkpoint,"['tensorflow', 'tensorflow-federated']",tensorflow federated learning checkpoint,2019-10-05 19:45:30,2019-10-22 20:48:14
57581345,https://stackoverflow.com/questions/57581345/change-model-in-tensorflow-federated-but-not-work,['tensorflow-federated'],change model in tensorflow-federated but not work,2019-08-21 04:48:44,2019-08-22 23:44:22
56989980,https://stackoverflow.com/questions/56989980/writing-tensorflow-federated-aggregation-function-e-g-tff-federated-mean,['tensorflow-federated'],"writing tensorflow federated aggregation function (e.g., tff.federated_mean)",2019-07-11 21:07:28,2019-07-12 01:56:56
72299609,https://stackoverflow.com/questions/72299609/typeerror-value-passed-to-parameter-input-has-datatype-bool-not-in-list-of-al,"['python', 'tensorflow', 'machine-learning', 'keras']","TypeError: Value passed to parameter &#39;input&#39; has DataType bool not in list of allowed values, pass data in files to a model",2022-05-19 14:28:21,2022-05-19 23:41:26
73041436,https://stackoverflow.com/questions/73041436/how-to-explain-tff-to-typetf-int64-2,"['python', 'tensorflow', 'tensorflow2.0', 'tensorflow-federated']","How to explain &quot;tff.to_type((tf.int64, [2]))&quot;?",2022-07-20 01:49:09,2022-07-20 22:52:47
65858776,https://stackoverflow.com/questions/65858776/how-to-transfer-data-between-clients-using-tensorlow-federated,"['tensorflow', 'distributed', 'federated']",How to transfer data between clients using Tensorlow Federated,2021-01-23 19:39:18,2021-01-24 05:33:23
67138338,https://stackoverflow.com/questions/67138338/unable-to-interpret-an-argument-of-type-tensorflow-python-data-ops-dataset-ops-p,"['tensorflow', 'tensorflow-federated']",Unable to interpret an argument of type tensorflow.python.data.ops.dataset_ops.PrefetchDataset as a TFF value in iterative process,2021-04-17 20:45:45,2021-04-17 22:05:45
65772509,https://stackoverflow.com/questions/65772509/collecting-the-weights-returned-by-clients-without-aggregating-them,"['machine-learning', 'tensorflow-federated']",Collecting the weights returned by clients without aggregating them,2021-01-18 18:14:40,2021-01-19 13:17:04
65273151,https://stackoverflow.com/questions/65273151/how-to-initialize-the-model-with-certain-weights,"['tensorflow2.0', 'tensorflow-federated']",How to initialize the model with certain weights?,2020-12-13 14:58:30,2021-04-09 01:30:23
62332459,https://stackoverflow.com/questions/62332459/tff-custom-input-spec-with-custom-data-set-typeerror-object-of-type-tensors,['tensorflow-federated'],TFF: Custom input spec with custom data set - TypeError: object of type &#39;TensorSpec&quot; has no len(),2020-06-12 03:52:49,2020-06-13 02:33:55
61054174,https://stackoverflow.com/questions/61054174/send-a-keras-model-with-grpc,"['python', 'tensorflow', 'keras', 'protocol-buffers', 'grpc']",Send a Keras model with gRPC,2020-04-06 14:33:54,2020-05-12 00:10:46
61882422,https://stackoverflow.com/questions/61882422/tensorflow-federated-learning-from-keras-model-no-longer-contains-dummy-bat,"['tensorflow', 'tensorflow-federated']",`tensorflow_federated.learning.from_keras_model()` no longer contains &#39;dummy_batch&#39; keyword?,2020-05-19 10:49:00,2020-05-19 11:38:52
60285187,https://stackoverflow.com/questions/60285187/how-to-plot-histogram-summary-for-delta-weight-in-federated-tensorflow,"['python', 'tensorflow', 'tensorflow-federated']",How to plot Histogram summary for delta weight in Federated Tensorflow?,2020-02-19 00:15:12,2020-02-21 23:40:50
72132691,https://stackoverflow.com/questions/72132691/use-different-metrics-in-tf-keras-metrics-for-mutli-classification-model,"['python', 'tensorflow', 'keras', 'tensorflow-federated']",Use different metrics in tf.keras.metrics for mutli-classification model,2022-05-06 03:31:25,2022-05-18 16:00:17
71790095,https://stackoverflow.com/questions/71790095/colab-pro-using-gpu-crashes-the-session,"['python', 'tensorflow', 'google-colaboratory']",Colab Pro: using GPU crashes the session,2022-04-08 07:39:05,2022-05-12 16:00:46
60489703,https://stackoverflow.com/questions/60489703/tff-uses-a-lot-of-cpu,['tensorflow-federated'],TFF uses a lot of CPU,2020-03-02 21:18:53,2020-03-03 01:42:04
56962453,https://stackoverflow.com/questions/56962453/i-am-getting-an-error-while-installing-pate-from-syft,['pytorch'],I am getting an error while installing PATE from SYFT,2019-07-10 09:55:36,2019-07-11 00:36:50
70339578,https://stackoverflow.com/questions/70339578/how-to-find-deeply-layered-usages-of-log4j,"['maven', 'log4j', 'hibernate-validator', 'jboss-logging']",How to find deeply layered usages of Log4j,2021-12-14 02:54:15,2021-12-15 01:41:00
69208382,https://stackoverflow.com/questions/69208382/which-version-of-pysyft-works-with-torch-1-8-or-1-9,"['python', 'pip', 'pytorch']",Which version of pysyft works with torch 1.8 or 1.9?,2021-09-16 20:24:16,2021-10-23 00:44:17
34989103,https://stackoverflow.com/questions/34989103/xquery-1-0-is-not-printing-what-i-expect-wrong-use-of-flwr,"['xml', 'xquery']",XQuery 1.0 is not printing what I expect - Wrong use of FLWR,2016-01-25 17:30:54,2016-01-25 18:18:27
14016143,https://stackoverflow.com/questions/14016143/can-xquery-support-tree-structure-query,"['tree', 'xquery', 'openehr']",Can XQuery support tree structure query?,2012-12-24 09:32:55,2017-11-13 20:39:06
4110306,https://stackoverflow.com/questions/4110306/xslt-vs-xquery,"['development-environment', 'xslt', 'xquery']",XSLT vs. XQuery,2010-11-06 05:36:24,2013-05-02 22:24:08
2276214,https://stackoverflow.com/questions/2276214/bind-a-java-collection-to-xquery-sequence-from-xquery,"['java', 'collections', 'xquery']",Bind a Java Collection to xQuery sequence from xQuery,2010-02-17 04:48:44,2010-10-08 21:04:54
71222785,https://stackoverflow.com/questions/71222785/change-in-coordinate-density-for-np-meshgrid-in-matplotlib,"['python', 'numpy', 'matplotlib']",Change in coordinate density for np.meshgrid() in matplotlib,2022-02-22 22:08:48,2022-02-23 04:34:26
55788696,https://stackoverflow.com/questions/55788696/federated-learning-with-tensorflowjs,"['tensorflow', 'tensorflow.js']",Federated learning with tensorflowjs,2019-04-22 11:07:58,2021-07-27 10:12:28
67120561,https://stackoverflow.com/questions/67120561/does-chromium-have-federated-learning-of-cohorts-floc,"['google-chrome', 'browser', 'chromium', 'privacy']",Does Chromium have &quot;Federated Learning of Cohorts&quot; (FLoC)?,2021-04-16 15:03:25,2021-04-19 21:52:43
62694286,https://stackoverflow.com/questions/62694286/tff-how-can-i-change-the-evaluation-function-of-federated-learning,['tensorflow-federated'],TFF: How Can I change the evaluation function of Federated learning,2020-07-02 18:29:48,2020-07-03 22:51:54
72514941,https://stackoverflow.com/questions/72514941/train-local-model-with-svm-instead-of-nn-in-federated-learning,"['python', 'tensorflow', 'keras', 'tensorflow-federated']",Train local model with SVM instead of NN in federated learning,2022-06-06 16:26:56,2022-06-09 00:04:49
71822452,https://stackoverflow.com/questions/71822452/epochs-vs-rounds-in-federated-learning,"['python', 'tensorflow', 'google-colaboratory', 'tensorflow-federated']",Epochs vs Rounds in federated learning,2022-04-11 11:32:38,2022-04-12 04:58:24
71672074,https://stackoverflow.com/questions/71672074/tff-evaluating-the-federated-learning-model-and-got-a-large-increase-of-loss-va,"['python', 'tensorflow', 'tensorflow-federated']",TFF: evaluating the federated learning model and got a large increase of loss value,2022-03-30 13:44:54,2022-03-30 15:42:53
59675104,https://stackoverflow.com/questions/59675104/does-tensorflow-lite-support-on-device-training-at-now,['tensorflow-lite'],Does tensorflow lite support on device training at now,2020-01-10 11:19:25,2021-05-05 23:29:46
62439765,https://stackoverflow.com/questions/62439765/tensor-flow-model-saving-and-calculating-average-of-models,"['python', 'tensorflow', 'deep-learning', 'nlp', 'bert-language-model']",Tensor flow Model saving and Calculating Average of Models,2020-06-18 07:06:23,2021-04-19 18:08:30
71898178,https://stackoverflow.com/questions/71898178/use-tff-learning-build-federated-evaluation-for-multiple-rounds,"['python', 'tensorflow', 'tensorflow-federated']",Use tff.learning.build_federated_evaluation for multiple rounds,2022-04-17 07:24:04,2022-04-21 20:39:24
71615089,https://stackoverflow.com/questions/71615089/valueerror-num-samples-should-be-a-positive-integer-value-but-got-num-samples,"['python', 'deep-learning', 'path', 'pytorch', 'dataset']","ValueError: num_samples should be a positive integer value, but got num_samples=0",2022-03-25 18:00:23,2022-04-14 16:52:24
69464111,https://stackoverflow.com/questions/69464111/how-to-create-a-federated-model-lstm-for-stock-prediction-in-python,"['python', 'machine-learning', 'tensorflow-federated']",how to create a federated model lstm for stock prediction in python,2021-10-06 18:34:31,2021-11-15 22:18:20
68424157,https://stackoverflow.com/questions/68424157/how-to-get-rid-of-placementsserver-or-clients-so-that-i-can-transform-float32,['tensorflow-federated'],How to get rid of placements(SERVER or CLIENTS) so that I can transform float32@SERVER to float32?,2021-07-18 04:44:55,2021-07-18 20:42:21
68104098,https://stackoverflow.com/questions/68104098/flipping-the-labels-of-a-tf-dataset,"['tensorflow', 'tensorflow-federated']",Flipping the labels of a TF dataset,2021-06-24 00:51:22,2021-06-24 01:24:58
66472157,https://stackoverflow.com/questions/66472157/federated-averaging-implementation-in-python,"['python', 'machine-learning', 'artificial-intelligence', 'conv-neural-network', 'tensorflow-federated']",Federated averaging implementation in python,2021-03-04 17:27:37,2021-07-16 23:11:46
65976605,https://stackoverflow.com/questions/65976605/pytorch-creating-federated-cifar-10-dataset,"['python', 'neural-network', 'pytorch']",PyTorch - Creating Federated CIFAR-10 Dataset,2021-01-31 15:09:42,2021-02-01 00:31:42
64959332,https://stackoverflow.com/questions/64959332/how-to-write-a-proper-dataset-fn-in-tff-simulation-fileperuserclientdata,"['python', 'tensorflow', 'tensorflow-federated']",How to write a proper dataset_fn in tff.simulation.FilePerUserClientData?,2020-11-23 04:42:11,2020-11-26 06:19:23
60982530,https://stackoverflow.com/questions/60982530/valueerror-tensorcnn-conv2d-kernel0-shape-dtype-resource-must-be-from,"['tensorflow', 'keras', 'deep-learning', 'conv-neural-network', 'tensorflow-federated']","ValueError: Tensor(&quot;cnn/conv2d/kernel:0&quot;, shape=(), dtype=resource) must be from the same graph as Tensor(&quot;Placeholder:0&quot;, shape=(), dtype=variant)",2020-04-02 08:37:48,2020-04-05 04:14:43
60265798,https://stackoverflow.com/questions/60265798/tff-how-define-tff-simulation-clientdata-from-clients-and-fn-function,['tensorflow-federated'],TFF: How define tff.simulation.ClientData.from_clients_and_fn Function?,2020-02-17 23:37:41,2020-02-19 04:28:01
70977755,https://stackoverflow.com/questions/70977755/could-not-find-a-version-that-satisfies-the-requirement-tensorflow-python3-9-6,"['macos', 'tensorflow', 'pip']",Could not find a version that satisfies the requirement tensorflow - python3.9 64bit,2022-02-04 04:19:00,2022-04-20 15:52:46
64714113,https://stackoverflow.com/questions/64714113/difference-between-tff-learning-from-compiled-keras-model-and-tff-learning-from,['tensorflow-federated'],difference between tff.learning.from_compiled_keras_model and tff.learning.from_keras_model,2020-11-06 19:48:57,2020-11-07 10:42:49
68436038,https://stackoverflow.com/questions/68436038/clipping-of-clients-updates-in-dp-fedavg,['tensorflow-federated'],Clipping of clients&#39; updates in DP-FedAvg,2021-07-19 14:33:25,2021-07-19 18:46:17
69335892,https://stackoverflow.com/questions/69335892/keyerror-0-tff-strange-error-in-multi-outputs-model,"['python', 'tensorflow', 'tensorflow-federated']","KeyError: 0, TFF strange error in multi-outputs model",2021-09-26 22:30:05,2021-09-27 04:51:01
57381329,https://stackoverflow.com/questions/57381329/expected-a-callable-found-non-callable-tensorflow-federated-python-learning-mod,"['tensorflow', 'tensorflow-federated']","Expected a callable, found non-callable tensorflow_federated.python.learning.model_utils.EnhancedTrainableModel
",2019-08-07 01:35:03,2019-08-07 06:43:55
67147951,https://stackoverflow.com/questions/67147951/tensorflow-federated-python-simulation-has-no-attribute-fromtensorslicesclien,"['tensorflow', 'tensorflow-federated']",tensorflow_federated.python.simulation' has no attribute 'FromTensorSlicesClientData' when using tff-nightly,2021-04-18 19:22:17,2021-08-05 21:17:51
69325272,https://stackoverflow.com/questions/69325272/tff-runtimeerror-attempting-to-capture-an-eagertensor-without-building-a-functi,"['python', 'tensorflow', 'tensorflow-federated']",TFF RuntimeError: Attempting to capture an EagerTensor without building a function,2021-09-25 18:29:55,2021-09-26 02:14:40